[
  {
    "product_id": "P003",
    "amount": 179.99,
    "stock_sold": 7,
    "stock_warehouse": 30,
    "stock_instore": 4,
    "status": "sold",
    "customer_id": "C456",
    "timestamp": "2025-05-13 13:00:00",
    "description": "Third product entry"
  },
  {
    "product_id": "P004",
    "amount": 299.00,
    "stock_sold": 2,
    "stock_warehouse": 25,
    "stock_instore": 8,
    "status": "in store",
    "customer_id": "",
    "timestamp": "2025-05-13 13:15:00",
    "description": "Fourth product entry"
  }
]
